Date,Open_Interest_All,MM_Net,MM_Long,MM_Short,Prod_Net,MM_Net_pct,Prod_Net_pct,MM_Net_pct_rank
2007-09-04,205006,20072,35174,15102,-115789,9.79,-56.48,100.0
2007-09-11,205561,22351,37806,15455,-117487,10.87,-57.15,100.0
2007-09-18,215529,33386,45287,11901,-130933,15.49,-60.75,100.0
2007-09-25,226842,40444,51071,10627,-140022,17.83,-61.73,100.0
2007-10-02,232612,45479,55253,9774,-142547,19.55,-61.28,100.0
2007-10-09,232745,45917,55771,9854,-140299,19.73,-60.28,100.0
2007-10-16,235532,45395,55016,9621,-140146,19.27,-59.5,71.4
2007-10-23,245742,46536,56963,10427,-145614,18.94,-59.25,62.5
2007-10-30,248750,45207,56028,10821,-141587,18.17,-56.92,55.6
2007-11-06,250060,49725,59983,10258,-145499,19.89,-58.19,100.0
2007-11-13,236528,44294,55074,10780,-151197,18.73,-63.92,54.5
2007-11-20,218535,29372,46534,17162,-129421,13.44,-59.22,25.0
2007-11-27,209170,23360,43560,20200,-121564,11.17,-58.12,23.1
2007-12-04,210401,14472,39553,25081,-113064,6.88,-53.74,7.1
2007-12-11,213025,12298,41152,28854,-113485,5.77,-53.27,6.7
2007-12-18,220048,14785,41541,26756,-116165,6.72,-52.79,12.5
2007-12-24,224449,24605,43281,18676,-135645,10.96,-60.43,35.3
2007-12-31,231807,36347,49218,12871,-152607,15.68,-65.83,55.6
2008-01-08,259197,53765,62782,9017,-175346,20.74,-67.65,100.0
2008-01-15,275922,55341,65444,10103,-186445,20.06,-67.57,95.0
2008-01-22,280898,56796,66005,9209,-188778,20.22,-67.21,95.2
2008-01-29,267384,44571,53751,9180,-174532,16.67,-65.27,50.0
2008-02-05,279027,43819,54674,10855,-178984,15.7,-64.15,47.8
2008-02-12,266923,44377,54554,10177,-173216,16.63,-64.89,50.0
2008-02-19,259289,48788,57566,8778,-182485,18.82,-70.38,68.0
2008-02-26,290439,64535,73431,8896,-204443,22.22,-70.39,100.0
2008-03-04,299206,62429,72564,10135,-192890,20.86,-64.47,96.3
2008-03-11,293606,49462,61565,12103,-167702,16.85,-57.12,50.0
2008-03-18,290193,46790,56029,9239,-152272,16.12,-52.47,41.4
2008-03-25,272330,40888,49460,8572,-146906,15.01,-53.94,30.0
2008-04-01,271427,30881,44534,13653,-128482,11.38,-47.34,25.8
2008-04-08,266878,31760,43505,11745,-127421,11.9,-47.75,28.1
2008-04-15,261891,34409,44565,10156,-136441,13.14,-52.1,30.3
2008-04-22,253186,34601,44655,10054,-134862,13.67,-53.27,35.3
2008-04-29,246090,29348,42233,12885,-126164,11.93,-51.27,28.6
2008-05-06,247979,30227,42689,12462,-119947,12.19,-48.37,30.6
2008-05-13,253305,25013,40183,15170,-116742,9.87,-46.09,13.5
2008-05-20,264285,24132,41442,17310,-117803,9.13,-44.57,10.5
2008-05-27,268743,14103,38617,24514,-104077,5.25,-38.73,2.6
2008-06-03,273104,14060,39522,25462,-91345,5.15,-33.45,2.5
2008-06-10,266100,11281,39736,28455,-96784,4.24,-36.37,2.4
2008-06-17,221739,20060,37168,17108,-106126,9.05,-47.86,16.7
2008-06-24,214012,19811,36334,16523,-109840,9.26,-51.32,20.9
2008-07-01,217590,20153,38209,18056,-109727,9.26,-50.43,22.7
2008-07-08,218245,13666,39302,25636,-99479,6.26,-45.58,11.1
2008-07-15,222265,6963,36572,29609,-99226,3.13,-44.64,2.2
2008-07-22,218566,-270,32747,33017,-89937,-0.12,-41.15,2.1
2008-07-29,220067,1431,33365,31934,-92890,0.65,-42.21,4.2
2008-08-05,217812,-8055,29378,37433,-83060,-3.7,-38.13,2.0
2008-08-12,214066,-9312,29065,38377,-79886,-4.35,-37.32,2.0
2008-08-19,213927,-8843,28673,37516,-77724,-4.13,-36.33,3.9
2008-08-26,215217,-10068,26916,36984,-82304,-4.68,-38.24,1.9
2008-09-02,215379,-7727,27310,35037,-86862,-3.59,-40.33,9.4
2008-09-09,218631,-14039,25977,40016,-75926,-6.42,-34.73,1.9
2008-09-16,215450,-11168,26801,37969,-67223,-5.18,-31.2,3.6
2008-09-23,206277,-10540,26522,37062,-66001,-5.11,-32.0,5.4
2008-09-30,195316,-9264,25418,34682,-62359,-4.74,-31.93,7.0
2008-10-07,185485,-7613,24409,32022,-57644,-4.1,-31.08,13.8
2008-10-14,175560,-4603,23127,27730,-50148,-2.62,-28.56,18.6
2008-10-21,169152,-2134,24565,26699,-45934,-1.26,-27.16,20.0
2008-10-28,171963,-4354,22574,26928,-46509,-2.53,-27.05,19.7
2008-11-04,169015,-1849,22950,24799,-52245,-1.09,-30.91,22.6
2008-11-11,153268,-456,21991,22447,-44480,-0.3,-29.02,23.8
2008-11-18,138808,304,21456,21152,-46237,0.22,-33.31,26.6
2008-11-25,128157,-3320,19108,22428,-42828,-2.59,-33.42,18.5
2008-12-02,126805,1361,19674,18313,-47311,1.07,-37.31,30.3
2008-12-09,130017,1020,18625,17605,-45900,0.78,-35.3,29.9
2008-12-16,127864,3622,19565,15943,-46552,2.83,-36.41,32.4
2008-12-22,124035,3920,19044,15124,-48926,3.16,-39.45,34.8
2008-12-30,125564,4501,19898,15397,-50511,3.58,-40.23,35.7
2009-01-06,130182,6682,19771,13089,-54785,5.13,-42.08,38.0
2009-01-13,129553,5830,19197,13367,-50242,4.5,-38.78,37.5
2009-01-20,130358,3787,17705,13918,-48899,2.91,-37.51,31.5
2009-01-27,131102,7148,18772,11624,-54931,5.45,-41.9,43.2
2009-02-03,128412,5861,18381,12520,-55646,4.56,-43.33,38.7
2009-02-10,123430,2134,18205,16071,-50473,1.73,-40.89,28.9
2009-02-17,117984,-7030,17404,24434,-36722,-5.96,-31.12,2.6
2009-02-24,115564,-10530,17166,27696,-31121,-9.11,-26.93,1.3
2009-03-03,116082,-13532,18160,31692,-27958,-11.66,-24.08,1.3
2009-03-10,121487,-14251,18041,32292,-26346,-11.73,-21.69,1.2
2009-03-17,128065,-13045,19331,32376,-28936,-10.19,-22.59,3.7
2009-03-24,137552,-8137,21564,29701,-37270,-5.92,-27.1,8.5
2009-03-31,140318,-1790,21270,23060,-44381,-1.28,-31.63,24.1
2009-04-07,139492,3613,22176,18563,-51981,2.59,-37.26,35.7
2009-04-14,131453,7871,23834,15963,-57579,5.99,-43.8,51.8
2009-04-21,121776,10294,24902,14608,-61733,8.45,-50.69,55.8
2009-04-28,119982,11689,23448,11759,-62859,9.74,-52.39,60.9
2009-05-05,127475,22018,30184,8166,-75192,17.27,-58.99,84.1
2009-05-12,137523,27383,34669,7286,-80210,19.91,-58.32,94.4
2009-05-19,137287,30065,36803,6738,-79246,21.9,-57.72,98.9
2009-05-26,135230,28262,33924,5662,-76498,20.9,-56.57,97.8
2009-06-02,135433,26442,32285,5843,-77875,19.52,-57.5,88.0
2009-06-09,132890,22504,28687,6183,-71077,16.93,-53.49,79.6
2009-06-16,117917,17445,25487,8042,-68490,14.79,-58.08,70.2
2009-06-23,106194,11115,21647,10532,-60236,10.47,-56.72,58.9
2009-06-30,108256,10927,23433,12506,-60498,10.09,-55.88,58.3
2009-07-07,113267,15640,25440,9800,-68998,13.81,-60.92,70.1
2009-07-14,122656,21973,30798,8825,-80881,17.91,-65.94,82.7
2009-07-21,130139,25824,33777,7953,-85292,19.84,-65.54,90.9
2009-07-28,124662,22014,30695,8681,-78589,17.66,-63.04,80.0
2009-08-04,126456,21473,30520,9047,-80205,16.98,-63.43,78.2
2009-08-11,128105,22736,30798,8062,-81159,17.75,-63.35,80.4
2009-08-18,127307,23427,30778,7351,-80156,18.4,-62.96,83.5
2009-08-25,125604,17931,28741,10810,-72328,14.28,-57.58,66.3
2009-09-01,123988,13276,26750,13474,-65460,10.71,-52.8,55.2
2009-09-08,126311,16483,27861,11378,-69973,13.05,-55.4,62.3
2009-09-15,134494,24589,33286,8697,-82194,18.28,-61.11,83.2
2009-09-22,145645,34428,42157,7729,-91910,23.64,-63.11,100.0
2009-09-29,147191,34399,40392,5993,-93232,23.37,-63.34,99.1
2009-10-06,146430,31444,37558,6114,-91365,21.47,-62.4,96.4
2009-10-13,156335,33583,40623,7040,-98405,21.48,-62.94,96.4
2009-10-20,173639,43050,51439,8389,-115197,24.79,-66.34,100.0
2009-10-27,185149,44568,53623,9055,-117570,24.07,-63.5,99.1
2009-11-03,189413,47333,56072,8739,-120523,24.99,-63.63,100.0
2009-11-09,190200,45417,55271,9854,-119600,23.88,-62.88,97.4
2009-11-17,170527,46146,53173,7027,-123593,27.06,-72.48,100.0
2009-11-24,175703,49751,57646,7895,-127309,28.32,-72.46,100.0
2009-12-01,175964,49534,58018,8484,-124377,28.15,-70.68,99.2
2009-12-08,178407,49618,58258,8640,-123166,27.81,-69.04,98.3
2009-12-15,184632,52765,61028,8263,-124931,28.58,-67.66,100.0
2009-12-22,184215,50964,59120,8156,-124328,27.67,-67.49,96.7
2009-12-29,186395,52514,60636,8122,-125366,28.17,-67.26,98.4
2010-01-05,186899,46446,55878,9432,-119445,24.85,-63.91,93.5
2010-01-12,181280,40246,50502,10256,-110086,22.2,-60.73,87.9
2010-01-19,177032,40270,48325,8055,-105671,22.75,-59.69,88.8
2010-01-26,171297,32773,41984,9211,-92642,19.13,-54.08,74.6
2010-02-02,171616,26731,40670,13939,-83588,15.58,-48.71,59.1
2010-02-09,164093,22057,37659,15602,-73293,13.44,-44.67,53.9
2010-02-16,163991,28480,39980,11500,-82675,17.37,-50.41,66.7
2010-02-23,167690,42509,51127,8618,-95298,25.35,-56.83,94.6
2010-03-02,180177,46604,56009,9405,-99673,25.87,-55.32,94.7
2010-03-09,186855,52228,60737,8509,-104571,27.95,-55.96,97.0
2010-03-16,185387,51328,59515,8187,-104874,27.69,-56.57,95.5
2010-03-23,189777,52104,59581,7477,-107620,27.46,-56.71,94.0
2010-03-30,187461,49117,55409,6292,-101731,26.2,-54.27,92.6
2010-04-06,201581,52119,58667,6548,-107737,25.86,-53.45,91.2
2010-04-13,190025,44473,50802,6329,-94728,23.4,-49.85,85.4
2010-04-20,182707,48869,54708,5839,-110805,26.75,-60.65,92.8
2010-04-27,189849,51904,61766,9862,-114803,27.34,-60.47,93.5
2010-05-04,184165,49498,60135,10637,-110787,26.88,-60.16,92.1
2010-05-11,177015,39725,51305,11580,-99470,22.44,-56.19,81.6
2010-05-18,184262,37230,49818,12588,-97283,20.2,-52.8,74.6
2010-05-25,189973,40872,52881,12009,-97868,21.51,-51.52,79.0
2010-06-01,185460,35890,46249,10359,-84057,19.35,-45.32,68.8
2010-06-08,176221,24082,40236,16154,-66298,13.67,-37.62,49.0
2010-06-15,172128,36964,45097,8133,-86657,21.47,-50.34,78.1
2010-06-22,165148,43009,49900,6891,-92672,26.04,-56.11,90.5
2010-06-29,163979,44815,51641,6826,-89579,27.33,-54.63,93.2
2010-07-06,159524,32577,43942,11365,-76494,20.42,-47.95,73.8
2010-07-13,153514,27694,40438,12744,-69485,18.04,-45.26,61.3
2010-07-20,157763,24835,38368,13533,-63603,15.74,-40.32,53.0
2010-07-27,164498,29943,40162,10219,-70636,18.2,-42.94,62.5
2010-08-03,179080,42680,51246,8566,-86563,23.83,-48.34,84.3
2010-08-10,192181,55912,63800,7888,-101958,29.09,-53.05,100.0
2010-08-17,208543,66667,73681,7014,-112695,31.97,-54.04,100.0
2010-08-24,212799,69246,76200,6954,-117485,32.54,-55.21,100.0
2010-08-31,219593,71982,79280,7298,-120573,32.78,-54.91,100.0
2010-09-07,226242,70964,79646,8682,-120452,31.37,-53.24,98.1
2010-09-14,230714,69690,78792,9102,-121383,30.21,-52.61,97.5
2010-09-21,234920,58540,72478,13938,-110638,24.92,-47.1,83.8
2010-09-28,239607,53988,67363,13375,-102167,22.53,-42.64,77.6
2010-10-05,232633,47120,61010,13890,-91896,20.26,-39.5,69.8
2010-10-12,235370,44026,61329,17303,-88041,18.71,-37.41,60.1
2010-10-19,232933,43645,58414,14769,-81973,18.74,-35.19,61.0
2010-10-26,240675,48493,59848,11355,-79750,20.15,-33.14,68.5
2010-11-02,243838,45293,55873,10580,-77066,18.58,-31.61,59.0
2010-11-09,239032,38280,52528,14248,-82524,16.01,-34.52,48.5
2010-11-16,205785,36843,42307,5464,-86348,17.9,-41.96,55.4
2010-11-23,194995,38779,42626,3847,-89186,19.89,-45.74,67.5
2010-11-30,194575,38625,42289,3664,-89423,19.85,-45.96,66.5
2010-12-07,199654,35290,40659,5369,-86116,17.68,-43.13,53.2
2010-12-14,204519,35811,42895,7084,-83650,17.51,-40.9,52.3
2010-12-21,202337,34499,41926,7427,-76901,17.05,-38.01,50.9
2010-12-28,201812,33129,40101,6972,-72742,16.42,-36.04,47.7
2011-01-04,207895,31977,38564,6587,-70654,15.38,-33.99,43.4
2011-01-11,203598,29419,37037,7618,-63334,14.45,-31.11,42.0
2011-01-18,198387,29012,36665,7653,-58984,14.62,-29.73,42.4
2011-01-25,206509,30546,37732,7186,-62878,14.79,-30.45,43.3
2011-02-01,211690,29617,36590,6973,-66995,13.99,-31.65,40.8
2011-02-08,220694,25326,33954,8628,-60231,11.48,-27.29,35.0
2011-02-15,195668,30337,35115,4778,-65012,15.5,-33.23,45.9
2011-02-22,178652,29791,34671,4880,-70768,16.68,-39.61,51.1
2011-03-01,175406,28389,33178,4789,-63144,16.18,-36.0,49.2
2011-03-08,173688,27679,33056,5377,-60324,15.94,-34.73,47.8
2011-03-15,174801,26463,31746,5283,-51763,15.14,-29.61,43.8
2011-03-22,176065,23918,28363,4445,-50749,13.58,-28.82,38.2
2011-03-29,182719,22024,28970,6946,-49103,12.05,-26.87,35.3
2011-04-05,195689,23643,30449,6806,-50264,12.08,-25.69,35.6
2011-04-12,198223,23366,31182,7816,-54256,11.79,-27.37,33.9
2011-04-19,172140,20336,29196,8860,-53818,11.81,-31.26,34.2
2011-04-26,154952,20605,29579,8974,-55503,13.3,-35.82,38.2
2011-05-03,149384,21151,28943,7792,-57383,14.16,-38.41,42.2
2011-05-10,150102,23112,28964,5852,-60198,15.4,-40.1,46.6
2011-05-17,150026,24036,30240,6204,-60613,16.02,-40.4,51.0
2011-05-24,153975,24393,31052,6659,-61563,15.84,-39.98,49.7
2011-05-31,155142,26311,31926,5615,-61514,16.96,-39.65,55.6
2011-06-07,159300,25171,32563,7392,-60875,15.8,-38.21,49.2
2011-06-14,151844,28724,35620,6896,-65880,18.92,-43.39,66.7
2011-06-21,146074,23357,31751,8394,-62407,15.99,-42.72,50.3
2011-06-28,135984,23741,32962,9221,-58645,17.46,-43.13,58.0
2011-07-05,138997,23363,33148,9785,-57607,16.81,-41.44,54.2
2011-07-12,137983,21970,33073,11103,-55958,15.92,-40.55,49.0
2011-07-19,135510,21857,33478,11621,-58194,16.13,-42.94,51.7
2011-07-26,138911,23481,34283,10802,-62045,16.9,-44.67,55.4
2011-08-02,144447,22706,34873,12167,-60423,15.72,-41.83,46.8
2011-08-09,142543,22897,34990,12093,-55596,16.06,-39.0,51.0
2011-08-16,141177,23133,34348,11215,-54236,16.39,-38.42,52.7
2011-08-23,145796,28001,39385,11384,-59429,19.21,-40.76,69.2
2011-08-30,147646,24843,38382,13539,-59267,16.83,-40.14,55.0
2011-09-06,147827,23630,37797,14167,-59102,15.98,-39.98,48.6
2011-09-13,154302,25109,37330,12221,-64753,16.27,-41.97,52.1
2011-09-20,150007,23436,35361,11925,-56019,15.62,-37.34,44.3
2011-09-27,147661,15473,30007,14534,-42303,10.48,-28.65,27.2
2011-10-04,151858,15876,31917,16041,-40135,10.45,-26.43,26.6
2011-10-11,153794,15906,32063,16157,-40853,10.34,-26.56,26.5
2011-10-18,151550,15116,31789,16673,-38766,9.97,-25.58,25.9
2011-10-25,159357,13109,31378,18269,-31827,8.23,-19.97,22.1
2011-11-01,164914,19119,34374,15255,-41563,11.59,-25.2,31.7
2011-11-08,165589,18237,33974,15737,-39560,11.01,-23.89,30.1
2011-11-15,143259,20039,31745,11706,-47952,13.99,-33.47,40.0
2011-11-22,137106,11897,31133,19236,-42540,8.68,-31.03,22.6
2011-11-29,138214,12025,32958,20933,-36594,8.7,-26.48,23.0
2011-12-06,139821,14409,35916,21507,-40881,10.31,-29.24,27.4
2011-12-13,149446,10656,35307,24651,-32683,7.13,-21.87,21.4
2011-12-20,150186,9214,35027,25813,-30702,6.14,-20.44,20.0
2011-12-27,151348,8670,35482,26812,-30497,5.73,-20.15,19.0
2012-01-03,152079,13586,35716,22130,-41761,8.93,-27.46,24.2
2012-01-10,147317,19798,36544,16746,-49431,13.44,-33.55,39.5
2012-01-17,155162,17518,34926,17408,-53885,11.29,-34.73,32.8
2012-01-24,165008,21660,36952,15292,-62389,13.13,-37.81,37.8
2012-01-31,172686,18884,34051,15167,-60231,10.94,-34.88,31.2
2012-02-07,189435,16170,34080,17910,-59536,8.54,-31.43,22.8
2012-02-14,189670,70,26339,26269,-56441,0.04,-29.76,10.7
2012-02-21,172437,-1864,26583,28447,-61238,-1.08,-35.51,9.8
2012-02-28,171632,-8843,26617,35460,-53095,-5.15,-30.94,3.8
2012-03-06,176384,-5779,29264,35043,-55639,-3.28,-31.54,7.6
2012-03-13,182548,-7776,32528,40304,-52445,-4.26,-28.73,5.9
2012-03-20,188724,-9319,31357,40676,-51845,-4.94,-27.47,4.6
2012-03-27,189215,-3897,32231,36128,-59739,-2.06,-31.57,10.0
2012-04-03,191444,4927,36144,31217,-68784,2.57,-35.93,15.4
2012-04-10,186779,-2379,34708,37087,-60640,-1.27,-32.47,10.8
2012-04-17,188096,-9233,32096,41329,-56107,-4.91,-29.83,5.0
2012-04-24,182843,-4955,32127,37082,-65157,-2.71,-35.64,9.1
2012-05-01,180785,-6190,31557,37747,-64134,-3.42,-35.48,8.6
2012-05-08,184858,-10957,31854,42811,-56124,-5.93,-30.36,2.9
2012-05-15,188609,-13624,31665,45289,-48257,-7.22,-25.59,2.0
2012-05-22,190015,-13186,30677,43863,-45040,-6.94,-23.7,2.4
2012-05-29,191976,-9789,31335,41124,-44557,-5.1,-23.21,5.6
2012-06-05,201644,-11090,31856,42946,-35647,-5.5,-17.68,4.4
2012-06-12,194240,-6927,31039,37966,-37678,-3.57,-19.4,10.4
2012-06-19,180227,1569,34688,33119,-49216,0.87,-27.31,17.9
2012-06-26,166771,1472,34585,33113,-48315,0.88,-28.97,18.3
2012-07-03,165480,1274,34269,32995,-52231,0.77,-31.56,17.4
2012-07-10,167494,264,35181,34917,-52442,0.16,-31.31,16.5
2012-07-17,171735,410,37221,36811,-51888,0.24,-30.21,17.3
2012-07-24,174180,-1883,34283,36166,-46893,-1.08,-26.92,15.2
2012-07-31,176814,-2458,35029,37487,-43562,-1.39,-24.64,13.2
2012-08-07,181424,4235,37614,33379,-50088,2.33,-27.61,20.9
2012-08-14,178919,4145,35597,31452,-47918,2.32,-26.78,20.8
2012-08-21,180247,9342,39931,30589,-50978,5.18,-28.28,26.2
2012-08-28,179797,15292,40114,24822,-53456,8.51,-29.73,31.0
2012-09-04,182616,18540,41931,23391,-58872,10.15,-32.24,36.3
2012-09-11,180705,18988,41880,22892,-58737,10.51,-32.5,38.4
2012-09-18,181782,15149,41389,26240,-57478,8.33,-31.62,30.3
2012-09-25,185703,9511,42132,32621,-46680,5.12,-25.14,24.9
2012-10-02,189437,-3682,39850,43532,-34581,-1.94,-18.25,12.8
2012-10-09,192283,-4296,41209,45505,-34346,-2.23,-17.86,12.4
2012-10-16,200535,3394,44724,41330,-45818,1.69,-22.85,20.5
2012-10-23,204929,24986,49308,24322,-70315,12.19,-34.31,46.1
2012-10-30,205784,13140,44297,31157,-60799,6.39,-29.55,29.6
2012-11-06,202043,-2706,38591,41297,-45267,-1.34,-22.4,13.7
2012-11-13,185915,-17479,30973,48452,-48483,-9.4,-26.08,1.5
2012-11-20,166361,-11123,30824,41947,-52803,-6.69,-31.74,2.9
2012-11-27,161178,-9096,31659,40755,-54120,-5.64,-33.58,4.7
2012-12-04,160987,1596,34981,33385,-65106,0.99,-40.44,21.1
2012-12-11,164076,9337,38055,28718,-73710,5.69,-44.92,29.0
2012-12-18,166847,21258,43318,22060,-86854,12.74,-52.06,47.7
2012-12-24,166099,27189,46850,19661,-92479,16.37,-55.68,63.7
2012-12-31,171207,30379,48328,17949,-96090,17.74,-56.13,70.6
2013-01-08,170768,24788,43936,19148,-95470,14.52,-55.91,53.2
2013-01-15,174938,26940,45089,18149,-101141,15.4,-57.82,55.9
2013-01-22,194103,43368,56356,12988,-121449,22.34,-62.57,86.5
2013-01-29,205039,54988,64372,9384,-136407,26.82,-66.53,93.3
2013-02-05,212738,59998,69586,9588,-139600,28.2,-65.62,97.2
2013-02-12,206491,56179,69642,13463,-147223,27.21,-71.3,93.7
2013-02-19,197060,55434,67575,12141,-145344,28.13,-73.76,96.2
2013-02-26,185155,50053,61087,11034,-137689,27.03,-74.36,92.7
2013-03-05,196405,57171,66403,9232,-149207,29.11,-75.97,98.3
2013-03-12,203814,63375,74555,11180,-150372,31.09,-73.78,98.6
2013-03-19,212739,68000,81897,13897,-154311,31.96,-72.54,99.0
2013-03-26,208993,63017,76881,13864,-146839,30.15,-70.26,97.6
2013-04-02,210835,63614,76840,13226,-144358,30.17,-68.47,97.6
2013-04-09,203288,56446,73702,17256,-130920,27.77,-64.4,93.5
2013-04-16,184661,46456,61201,14745,-119858,25.16,-64.91,87.8
2013-04-23,170556,44869,57340,12471,-115282,26.31,-67.59,89.5
2013-04-30,165665,43049,51144,8095,-114304,25.99,-69.0,88.5
2013-05-07,173006,46868,52908,6040,-118432,27.09,-68.46,91.2
2013-05-14,183272,55917,60424,4507,-129195,30.51,-70.49,98.0
2013-05-21,190994,53969,60704,6735,-129416,28.26,-67.76,95.3
2013-05-28,186279,42126,52134,10008,-114753,22.61,-61.6,82.3
2013-06-04,180736,33804,46939,13135,-106111,18.7,-58.71,69.8
2013-06-11,186875,35999,52935,16936,-110099,19.26,-58.92,72.5
2013-06-18,175996,57440,66401,8961,-125509,32.64,-71.31,99.7
2013-06-25,157041,51713,59327,7614,-120165,32.93,-76.52,100.0
2013-07-02,156695,51491,59654,8163,-123330,32.86,-78.71,99.7
2013-07-09,159794,53195,61990,8795,-126526,33.29,-79.18,100.0
2013-07-16,160793,54026,63675,9649,-123720,33.6,-76.94,100.0
2013-07-23,164460,53870,65484,11614,-124694,32.76,-75.82,98.4
2013-07-30,169378,56069,68146,12077,-125817,33.1,-74.28,99.4
2013-08-06,175035,58571,70116,11545,-130818,33.46,-74.74,99.7
2013-08-13,203810,74810,86416,11606,-150062,36.71,-73.63,100.0
2013-08-20,209987,78834,90325,11491,-152300,37.54,-72.53,100.0
2013-08-27,183526,55359,65532,10173,-128313,30.16,-69.92,93.9
2013-09-03,173847,43588,54527,10939,-113736,25.07,-65.42,83.1
2013-09-10,169296,37170,48186,11016,-106459,21.96,-62.88,77.5
2013-09-17,176496,39543,49309,9766,-108829,22.4,-61.66,78.5
2013-09-24,182453,41276,50335,9059,-105075,22.62,-57.59,79.5
2013-10-01,203616,51387,61005,9618,-115412,25.24,-56.68,83.6
2013-10-08,207395,52618,62539,9921,-111602,25.37,-53.81,84.0
2013-10-15,203818,41338,52358,11020,-98984,20.28,-48.56,73.4
2013-10-22,202364,36337,48969,12632,-90143,17.96,-44.54,63.6
2013-10-29,202160,15944,41093,25149,-63688,7.89,-31.5,28.0
2013-11-05,195950,11819,40783,28964,-52567,6.03,-26.83,26.0
2013-11-12,173674,6172,36336,30164,-51901,3.55,-29.88,21.6
2013-11-19,159731,5586,36144,30558,-49300,3.5,-30.86,21.5
2013-11-26,156590,8321,39337,31016,-51198,5.31,-32.7,24.8
2013-12-03,156967,8397,37418,29021,-49835,5.35,-31.75,25.1
2013-12-10,160936,17541,41504,23963,-60763,10.9,-37.76,37.2
2013-12-17,165164,34645,46048,11403,-78626,20.98,-47.6,75.4
2013-12-24,169272,37449,47036,9587,-84714,22.12,-50.05,77.3
2013-12-31,172171,42563,50422,7859,-90493,24.72,-52.56,81.9
2014-01-07,175572,43719,50928,7209,-90627,24.9,-51.62,82.5
2014-01-14,177023,40789,49543,8754,-82955,23.04,-46.86,79.6
2014-01-21,185828,47100,56028,8928,-93787,25.35,-50.47,84.4
2014-01-28,184638,42911,56005,13094,-88856,23.24,-48.12,79.4
2014-02-04,176175,43872,56497,12625,-87235,24.9,-49.52,82.4
2014-02-11,178951,51183,59114,7931,-97165,28.6,-54.3,93.2
2014-02-18,171549,57260,64780,7520,-104277,33.38,-60.79,98.8
2014-02-25,164131,52517,60257,7740,-100936,32.0,-61.5,96.2
2014-03-04,164258,53381,60489,7108,-97098,32.5,-59.11,96.2
2014-03-11,175385,60394,65518,5124,-111375,34.44,-63.5,99.4
2014-03-18,182248,65174,70663,5489,-113712,35.76,-62.39,99.4
2014-03-25,183310,64996,71500,6504,-112074,35.46,-61.14,99.1
2014-04-01,183893,60907,70075,9168,-112620,33.12,-61.24,97.4
2014-04-08,184168,57370,66698,9328,-111315,31.15,-60.44,93.6
2014-04-15,176327,51261,63082,11821,-102226,29.07,-57.98,91.0
2014-04-22,174835,56108,65962,9854,-108468,32.09,-62.04,94.8
2014-04-29,180134,59758,69121,9363,-110380,33.17,-61.28,97.4
2014-05-06,195428,62893,72802,9909,-116364,32.18,-59.54,94.6
2014-05-13,190813,55945,67400,11455,-108938,29.32,-57.09,90.9
2014-05-20,189224,47103,60013,12910,-98611,24.89,-52.11,78.6
2014-05-27,187446,37604,54777,17173,-88440,20.06,-47.18,67.9
2014-06-03,188245,32705,50351,17646,-85639,17.37,-45.49,57.2
2014-06-10,182769,23805,45557,21752,-76399,13.02,-41.8,39.5
2014-06-17,173633,28590,46590,18000,-73511,16.47,-42.34,53.5
2014-06-24,145458,27574,44117,16543,-71392,18.96,-49.08,64.0
2014-07-01,146236,20186,42699,22513,-60031,13.8,-41.05,42.3
2014-07-08,145672,15326,40250,24924,-52294,10.52,-35.9,33.5
2014-07-15,149928,12913,40486,27573,-45154,8.61,-30.12,28.1
2014-07-22,153458,8435,40700,32265,-40569,5.5,-26.44,23.3
2014-07-29,161212,7244,42011,34767,-32539,4.49,-20.18,20.5
2014-08-05,163411,4647,40694,36047,-26655,2.84,-16.31,18.5
2014-08-12,164588,1096,40289,39193,-22665,0.67,-13.77,14.9
2014-08-19,164976,-3486,36583,40069,-22363,-2.11,-13.56,10.2
2014-08-26,172740,477,36749,36272,-27162,0.28,-15.72,14.8
2014-09-02,176853,-102,38279,38381,-25778,-0.06,-14.58,13.7
2014-09-09,180450,7300,40754,33454,-27734,4.05,-15.37,21.3
2014-09-16,181284,9909,40388,30479,-31633,5.47,-17.45,24.7
2014-09-23,182761,4960,38145,33185,-20767,2.71,-11.36,19.0
2014-09-30,182378,-4238,34524,38762,-12471,-2.32,-6.84,9.7
2014-10-07,185877,2956,38742,35786,-19162,1.59,-10.31,17.5
2014-10-14,189272,9267,42735,33468,-26962,4.9,-14.25,23.1
2014-10-21,190283,7909,42174,34265,-26876,4.16,-14.12,22.0
2014-10-28,195959,13510,46076,32566,-34104,6.89,-17.4,28.9
2014-11-04,191364,16913,48027,31114,-41156,8.84,-21.51,31.7
2014-11-11,183992,19311,47082,27771,-45673,10.5,-24.82,36.2
2014-11-18,177107,519,44903,44384,-32440,0.29,-18.32,15.1
2014-11-25,172323,-3548,41975,45523,-27778,-2.06,-16.12,10.6
2014-12-02,177019,-3229,42709,45938,-27469,-1.82,-15.52,11.1
2014-12-09,173720,-1363,43534,44897,-31246,-0.78,-17.99,13.4
2014-12-16,173902,1655,45886,44231,-30295,0.95,-17.42,17.6
2014-12-23,175995,11585,48566,36981,-41647,6.58,-23.66,29.1
2014-12-30,176193,14411,49505,35094,-44273,8.18,-25.13,30.5
2015-01-06,180431,7810,47635,39825,-34803,4.33,-19.29,23.2
2015-01-13,186260,6585,49260,42675,-32883,3.54,-17.65,21.8
2015-01-20,204578,-4503,47859,52362,-19149,-2.2,-9.36,9.8
2015-01-27,216715,-5679,50223,55902,-16444,-2.62,-7.59,8.8
2015-02-03,207847,8905,53431,44526,-43748,4.28,-21.05,23.7
2015-02-10,197547,23215,54630,31415,-69131,11.75,-34.99,41.6
2015-02-17,180535,32295,58902,26607,-84809,17.89,-46.98,62.8
2015-02-24,183230,45715,65934,20219,-98266,24.95,-53.63,81.6
2015-03-03,185872,46714,66989,20275,-106051,25.13,-57.06,82.1
2015-03-10,181414,33839,60773,26934,-93151,18.65,-51.35,64.9
2015-03-17,181641,18790,57471,38681,-76968,10.34,-42.37,36.8
2015-03-24,184204,24083,55113,31030,-86877,13.07,-47.16,44.3
2015-03-31,182346,29299,55730,26431,-85987,16.07,-47.16,55.1
2015-04-07,188850,35972,60296,24324,-96281,19.05,-50.98,67.3
2015-04-14,183305,48861,68704,19843,-109378,26.66,-59.67,85.2
2015-04-21,167666,33455,56714,23259,-92962,19.95,-55.44,70.4
2015-04-28,182497,47311,67286,19975,-109851,25.92,-60.19,84.0
2015-05-05,197716,55120,77738,22618,-120626,27.88,-61.01,88.8
2015-05-12,191406,47578,71950,24372,-114152,24.86,-59.64,79.9
2015-05-19,187619,40776,67310,26534,-110699,21.73,-59.0,73.9
2015-05-26,188719,24059,58762,34703,-96143,12.75,-50.95,42.8
2015-06-02,187675,19503,51512,32009,-90922,10.39,-48.45,36.0
2015-06-09,185185,29732,55207,25475,-102095,16.06,-55.13,54.2
2015-06-16,169445,27785,52082,24297,-90870,16.4,-53.63,56.0
2015-06-23,163466,25799,53475,27676,-89078,15.78,-54.49,51.7
2015-06-30,181083,48719,69256,20537,-117835,26.9,-65.07,86.1
2015-07-07,178723,53825,68980,15155,-124032,30.12,-69.4,92.2
2015-07-14,178155,50240,66410,16170,-123940,28.2,-69.57,90.0
2015-07-21,175767,46553,62765,16212,-120067,26.49,-68.31,84.5
2015-07-28,177413,44917,63545,18628,-116104,25.32,-65.44,81.8
2015-08-04,179806,39813,63307,23494,-111447,22.14,-61.98,74.2
2015-08-11,184427,25768,57743,31975,-93734,13.97,-50.82,45.5
2015-08-18,190906,50887,68739,17852,-119218,26.66,-62.45,84.9
2015-08-25,183346,53360,64993,11633,-118919,29.1,-64.86,91.6
2015-09-01,178810,39365,55974,16609,-107801,22.01,-60.29,73.4
2015-09-08,179675,34915,53878,18963,-103774,19.43,-57.76,66.6
2015-09-15,177418,32867,52554,19687,-100965,18.53,-56.91,62.6
2015-09-22,182136,17141,48298,31157,-83773,9.41,-45.99,32.5
2015-09-29,186023,17938,49696,31758,-82145,9.64,-44.16,32.7
2015-10-06,189761,25597,51576,25979,-90371,13.49,-47.62,44.0
2015-10-13,188209,39376,55667,16291,-98763,20.92,-52.48,71.7
2015-10-20,193661,48765,60645,11880,-107519,25.18,-55.52,81.4
2015-10-27,198356,44773,58189,13416,-107193,22.57,-54.04,75.6
2015-11-03,199327,45905,57312,11407,-109547,23.03,-54.96,76.3
2015-11-10,192453,35133,52636,17503,-101252,18.26,-52.61,61.7
2015-11-17,176397,36840,52939,16099,-102968,20.88,-58.37,70.9
2015-11-24,170519,30224,47781,17557,-94034,17.72,-55.15,59.1
2015-12-01,180779,48240,59046,10806,-111080,26.68,-61.45,85.2
2015-12-08,191781,60866,72541,11675,-122040,31.74,-63.64,94.4
2015-12-15,191929,60337,70528,10191,-123439,31.44,-64.31,94.2
2015-12-22,184432,52813,61795,8982,-119112,28.64,-64.58,90.8
2015-12-29,183390,51193,60286,9093,-117102,27.91,-63.85,88.3
2016-01-05,185123,41476,54207,12731,-105399,22.4,-56.93,74.1
2016-01-12,182594,19716,44107,24391,-77197,10.8,-42.28,35.7
2016-01-19,187347,26545,49778,23233,-78796,14.17,-42.06,45.0
2016-01-26,193281,24796,50632,25836,-72535,12.83,-37.53,40.5
2016-02-02,197632,23006,50833,27827,-73141,11.64,-37.01,38.0
2016-02-09,200208,-2121,43813,45934,-53406,-1.06,-26.68,12.0
2016-02-16,188677,-3870,47139,51009,-39540,-2.05,-20.96,9.7
2016-02-23,187997,-4832,47127,51959,-37033,-2.57,-19.7,8.1
2016-03-01,202863,-5663,48930,54593,-31987,-2.79,-15.77,7.2
2016-03-08,208512,-11835,46542,58377,-28412,-5.68,-13.63,2.9
2016-03-15,212253,-13046,43149,56195,-26948,-6.15,-12.7,2.2
2016-03-22,211732,-11382,42758,54140,-29376,-5.38,-13.87,3.8
2016-03-29,216510,-16201,41580,57781,-28287,-7.48,-13.06,1.3
2016-04-05,222515,-9099,41288,50387,-41168,-4.09,-18.5,6.9
2016-04-12,211884,7358,45878,38520,-62756,3.47,-29.62,20.9
2016-04-19,193438,18627,50690,32063,-86432,9.63,-44.68,32.8
2016-04-26,191716,33324,57018,23694,-98097,17.38,-51.17,58.6
2016-05-03,193424,36365,57568,21203,-99070,18.8,-51.22,64.2
2016-05-10,186343,30041,52370,22329,-92013,16.12,-49.38,53.5
2016-05-17,190763,25376,51321,25945,-91862,13.3,-48.16,43.3
2016-05-24,193936,30646,54438,23792,-95591,15.8,-49.29,51.1
2016-05-31,202777,38440,60163,21723,-105931,18.96,-52.24,65.4
2016-06-07,211393,46994,68975,21981,-114363,22.23,-54.1,74.7
2016-06-14,200824,42395,65662,23267,-113967,21.11,-56.75,71.9
2016-06-21,189263,34851,60008,25157,-111576,18.41,-58.95,62.4
2016-06-28,184257,35155,59176,24021,-108409,19.08,-58.84,65.5
2016-07-05,183962,37811,60413,22602,-103641,20.55,-56.34,70.6
2016-07-12,209897,51081,72136,21055,-126123,24.34,-60.09,78.8
2016-07-19,231269,64846,85610,20764,-138555,28.04,-59.91,89.2
2016-07-26,236323,69538,89181,19643,-139445,29.42,-59.01,92.5
2016-08-02,237053,77748,94139,16391,-143799,32.8,-60.66,97.0
2016-08-09,244954,80442,97280,16838,-149505,32.84,-61.03,97.0
2016-08-16,235463,69034,84746,15712,-136505,29.32,-57.97,91.9
2016-08-23,228356,62426,74646,12220,-134588,27.34,-58.94,86.6
2016-08-30,228192,61283,74035,12752,-132957,26.86,-58.27,84.7
2016-09-06,230647,63970,74690,10720,-138744,27.74,-60.15,87.3
2016-09-13,230433,62078,73090,11012,-137871,26.94,-59.83,85.0
2016-09-20,239422,66491,77745,11254,-145138,27.77,-60.62,87.5
2016-09-27,253355,72514,85052,12538,-151912,28.62,-59.96,90.5
2016-10-04,248637,65967,78849,12882,-143846,26.53,-57.85,82.7
2016-10-11,242564,53195,68896,15701,-135288,21.93,-55.77,71.4
2016-10-18,252761,65621,78404,12783,-146692,25.96,-58.04,81.6
2016-10-25,260503,64658,78732,14074,-142576,24.82,-54.73,77.2
2016-11-01,257262,63991,78034,14043,-141022,24.87,-54.82,77.7
2016-11-08,248911,58477,72817,14340,-142225,23.49,-57.14,75.4
2016-11-15,239196,61852,72229,10377,-149525,25.86,-62.51,81.1
2016-11-22,251793,80437,89603,9166,-174254,31.95,-69.21,94.6
2016-11-29,255483,83287,92142,8855,-177580,32.6,-69.51,96.1
2016-12-06,251402,84476,92970,8494,-167546,33.6,-66.64,99.0
2016-12-13,252798,83095,92141,9046,-169126,32.87,-66.9,97.1
2016-12-20,243889,75613,86664,11051,-156157,31.0,-64.03,92.8
2016-12-27,243809,75630,85003,9373,-155998,31.02,-63.98,92.8
2017-01-03,247158,80650,88577,7927,-161737,32.63,-65.44,95.7
2017-01-10,264089,90293,99905,9612,-174116,34.19,-65.93,99.0
2017-01-17,261756,84292,96416,12124,-167132,32.2,-63.85,94.7
2017-01-24,264328,87389,100087,12698,-174193,33.06,-65.9,97.1
2017-01-31,276602,94141,105881,11740,-178335,34.03,-64.47,98.8
2017-02-07,283531,101163,111936,10773,-189713,35.68,-66.91,99.4
2017-02-14,282058,101779,112314,10535,-197932,36.08,-70.17,99.6
2017-02-21,261594,96292,107645,11353,-185446,36.81,-70.89,99.8
2017-02-28,266379,98302,108971,10669,-185356,36.9,-69.58,99.8
2017-03-07,273357,105294,113694,8400,-194524,38.52,-71.16,100.0
2017-03-14,274706,104837,112731,7894,-193190,38.16,-70.33,99.8
2017-03-21,278130,104664,114480,9816,-186726,37.63,-67.14,99.6
2017-03-28,281653,104438,114487,10049,-183751,37.08,-65.24,99.2
2017-04-04,277475,93283,104374,11091,-163806,33.62,-59.03,97.0
2017-04-11,250988,77997,88417,10420,-148309,31.08,-59.09,90.2
2017-04-18,239278,81774,89586,7812,-152728,34.18,-63.83,97.2
2017-04-25,247883,95493,104133,8640,-164918,38.52,-66.53,100.0
2017-05-02,260058,100001,110891,10890,-170975,38.45,-65.74,99.6
2017-05-09,257824,98075,108610,10535,-168464,38.04,-65.34,99.2
2017-05-16,264211,106426,113034,6608,-175257,40.28,-66.33,100.0
2017-05-23,246477,98437,102519,4082,-168094,39.94,-68.2,99.8
2017-05-30,241493,88564,93738,5174,-161580,36.67,-66.91,97.4
2017-06-06,234798,81318,86981,5663,-151895,34.63,-64.69,96.5
2017-06-13,234543,70712,79860,9148,-137783,30.15,-58.75,87.5
2017-06-20,206774,48695,66099,17404,-115102,23.55,-55.67,70.9
2017-06-27,200457,33824,59849,26025,-100653,16.87,-50.21,50.7
2017-07-03,206309,29225,58514,29289,-97814,14.17,-47.41,41.2
2017-07-11,210783,25186,57516,32330,-98357,11.95,-46.66,35.7
2017-07-18,216102,19672,57953,38281,-93524,9.1,-43.28,27.9
2017-07-25,216584,20910,57301,36391,-94506,9.65,-43.63,29.2
2017-08-01,216622,24703,57176,32473,-97115,11.4,-44.83,34.4
2017-08-08,219092,36545,60287,23742,-106595,16.68,-48.65,50.5
2017-08-15,218749,31956,56457,24501,-101537,14.61,-46.42,42.3
2017-08-22,226101,26023,56902,30879,-97589,11.51,-43.16,34.5
2017-08-29,224967,38056,60500,22444,-109048,16.92,-48.47,51.7
2017-09-05,234800,59875,73733,13858,-131049,25.5,-55.81,76.5
2017-09-12,243886,75273,82275,7002,-142859,30.86,-58.58,88.5
2017-09-19,238750,69396,77085,7689,-136934,29.07,-57.35,85.9
2017-09-26,234444,62343,71800,9457,-132797,26.59,-56.64,78.3
2017-10-03,229503,56294,68010,11716,-125103,24.53,-54.51,71.9
2017-10-10,229474,56323,67379,11056,-125153,24.54,-54.54,72.0
2017-10-17,229812,52398,65237,12839,-118885,22.8,-51.73,69.4
2017-10-24,233822,52129,63920,11791,-118478,22.29,-50.67,67.5
2017-10-31,234118,52545,62224,9679,-122160,22.44,-52.18,68.4
2017-11-07,235937,49378,62974,13596,-119486,20.93,-50.64,64.3
2017-11-14,226636,44668,60205,15537,-119342,19.71,-52.66,60.2
2017-11-21,224240,55033,67934,12901,-126153,24.54,-56.26,72.3
2017-11-28,237373,73025,82655,9630,-140233,30.76,-59.08,88.6
2017-12-05,249201,84637,92347,7710,-148618,33.96,-59.64,95.7
2017-12-12,254060,91570,97582,6012,-153522,36.04,-60.43,97.2
2017-12-19,265088,97277,103801,6524,-162092,36.7,-61.15,97.6
2017-12-26,274603,101738,109073,7335,-168570,37.05,-61.39,98.1
2018-01-02,283001,101335,109605,8270,-170710,35.81,-60.32,96.7
2018-01-09,285954,104063,112489,8426,-173119,36.39,-60.54,97.0
2018-01-16,303537,108626,116006,7380,-183193,35.79,-60.35,96.3
2018-01-23,314624,107297,114980,7683,-188610,34.1,-59.95,94.8
2018-01-30,308390,94355,105427,11072,-166069,30.6,-53.85,87.1
2018-02-06,293564,79158,91154,11996,-156887,26.96,-53.44,78.9
2018-02-13,266641,66627,76470,9843,-152888,24.99,-57.34,73.1
2018-02-20,251852,62730,74010,11280,-150607,24.91,-59.8,72.4
2018-02-27,259538,67795,77369,9574,-163798,26.12,-63.11,76.3
2018-03-06,270288,79021,87136,8115,-177229,29.24,-65.57,85.2
2018-03-13,272225,82385,89326,6941,-182640,30.26,-67.09,86.9
2018-03-20,272367,80437,87154,6717,-171672,29.53,-63.03,85.7
2018-03-27,278286,78335,85494,7159,-171158,28.15,-61.5,82.2
2018-04-03,277835,73188,80587,7399,-167377,26.34,-60.24,76.1
2018-04-10,276506,73808,81693,7885,-170536,26.69,-61.68,77.3
2018-04-17,263078,78763,86726,7963,-169320,29.94,-64.36,85.8
2018-04-24,262114,81009,88841,7832,-175413,30.91,-66.92,87.8
2018-05-01,270245,89356,96055,6699,-181933,33.06,-67.32,92.8
2018-05-08,286401,97164,103324,6160,-194142,33.93,-67.79,94.4
2018-05-15,282944,87736,96254,8518,-183786,31.01,-64.95,87.7
2018-05-22,297140,90526,96427,5901,-190439,30.47,-64.09,86.4
2018-05-29,306930,86248,93944,7696,-191911,28.1,-62.53,80.9
2018-06-05,320545,90121,95863,5742,-191702,28.11,-59.81,81.0
2018-06-12,309608,90087,97314,7227,-189911,29.1,-61.34,83.8
2018-06-19,272846,77234,84410,7176,-170184,28.31,-62.37,82.1
2018-06-26,257237,71338,78975,7637,-163727,27.73,-63.65,78.9
2018-07-03,254621,70706,78808,8102,-157729,27.77,-61.95,79.5
2018-07-10,252447,72013,79275,7262,-155730,28.53,-61.69,82.4
2018-07-17,258100,76565,82273,5708,-161367,29.66,-62.52,85.0
2018-07-24,260195,76660,82346,5686,-159985,29.46,-61.49,84.7
2018-07-31,268551,84825,89141,4316,-173458,31.59,-64.59,88.9
2018-08-07,270676,82015,87735,5720,-170779,30.3,-63.09,86.3
2018-08-14,262796,71054,77827,6773,-158133,27.04,-60.17,76.4
2018-08-21,253259,64877,72108,7231,-149458,25.62,-59.01,71.7
2018-08-28,251920,61642,69969,8327,-148582,24.47,-58.98,66.9
2018-09-04,253468,59411,68712,9301,-145008,23.44,-57.21,65.6
2018-09-11,256456,60996,69611,8615,-144519,23.78,-56.35,66.1
2018-09-18,255358,51922,67997,16075,-132600,20.33,-51.93,58.2
2018-09-25,249270,50521,64456,13935,-127784,20.27,-51.26,58.0
2018-10-02,250658,43592,59337,15745,-117884,17.39,-47.03,48.2
2018-10-09,255853,40098,56359,16261,-117603,15.67,-45.97,40.3
2018-10-16,262680,40358,57508,17150,-115698,15.36,-44.05,39.1
2018-10-23,263586,42497,58263,15766,-117107,16.12,-44.43,43.8
2018-10-30,265463,41448,58649,17201,-112476,15.61,-42.37,40.1
2018-11-06,269274,40779,58285,17506,-113895,15.14,-42.3,38.9
2018-11-13,253234,39931,56660,16729,-109961,15.77,-43.42,41.4
2018-11-20,225494,39130,55150,16020,-106498,17.35,-47.23,48.1
2018-11-27,219995,36000,53928,17928,-103071,16.36,-46.85,44.6
2018-12-04,220527,37017,52214,15197,-107410,16.79,-48.71,46.3
2018-12-11,220077,37474,51293,13819,-110595,17.03,-50.25,47.9
2018-12-18,217243,33263,48890,15627,-105750,15.31,-48.68,38.6
2018-12-24,212048,15376,44900,29524,-82154,7.25,-38.74,22.2
2018-12-31,215148,5006,42561,37555,-72350,2.33,-33.63,14.5
2019-01-08,224007,-5030,39871,44901,-65095,-2.25,-29.06,7.6
2019-01-15,231064,-8568,37927,46495,-60035,-3.71,-25.98,5.4
2019-01-22,230808,-8686,38505,47191,-59580,-3.76,-25.81,5.4
2019-01-29,231628,-8949,36416,45365,-59606,-3.86,-25.73,5.4
2019-02-05,245717,-3919,38390,42309,-71737,-1.59,-29.19,9.5
2019-02-12,241956,-14363,34413,48776,-61245,-5.94,-25.31,2.2
2019-02-19,230413,-18827,34598,53425,-49359,-8.17,-21.42,1.0
2019-02-26,220435,-20742,35605,56347,-52365,-9.41,-23.76,0.7
2019-03-05,223290,-17054,38528,55582,-52632,-7.64,-23.57,1.3
2019-03-12,220996,-17965,37387,55352,-52916,-8.13,-23.94,1.3
2019-03-19,224266,-8699,38396,47095,-63037,-3.88,-28.11,6.1
2019-03-26,226594,2461,40089,37628,-75319,1.09,-33.24,15.2
2019-04-02,230528,10840,42293,31453,-85170,4.7,-36.95,19.8
2019-04-09,221538,17012,42944,25932,-103116,7.68,-46.55,24.1
2019-04-16,212509,11641,40206,28565,-101183,5.48,-47.61,21.6
2019-04-23,213717,14376,43903,29527,-101869,6.73,-47.67,23.5
2019-04-30,212357,10579,44821,34242,-92116,4.98,-43.38,20.0
2019-05-07,220228,-4797,40250,45047,-74637,-2.18,-33.89,9.3
2019-05-14,214729,-26324,35134,61458,-40657,-12.26,-18.93,0.2
2019-05-21,215527,-39418,31748,71166,-24496,-18.29,-11.37,0.2
2019-05-28,215815,-36588,33768,70356,-27232,-16.95,-12.62,0.3
2019-06-04,208314,-29841,34712,64553,-28938,-14.33,-13.89,0.5
2019-06-11,206395,-32276,36610,68886,-31595,-15.64,-15.31,0.5
2019-06-18,180266,-31663,33549,65212,-26391,-17.56,-14.64,0.3
2019-06-25,175691,-38215,30449,68664,-18810,-21.75,-10.71,0.2
2019-07-02,178400,-38469,30409,68878,-17271,-21.56,-9.68,0.3
2019-07-09,186737,-43012,30477,73489,-4737,-23.03,-2.54,0.2
2019-07-16,191112,-45439,30383,75822,-524,-23.78,-0.27,0.2
2019-07-23,196611,-46505,32477,78982,1054,-23.65,0.54,0.3
2019-07-30,196861,-45119,32006,77125,-830,-22.92,-0.42,0.6
2019-08-06,206644,-48349,31701,80050,5140,-23.4,2.49,0.5
2019-08-13,215546,-45050,31513,76563,1601,-20.9,0.74,1.3
2019-08-20,213645,-45466,30573,76039,4132,-21.28,1.93,1.3
2019-08-27,219375,-44384,28849,73233,5661,-20.23,2.58,1.6
2019-09-03,223107,-43607,29414,73021,844,-19.55,0.38,1.8
2019-09-10,229310,-38502,31152,69654,-6114,-16.79,-2.67,2.4
2019-09-17,230592,-28837,30569,59406,-13768,-12.51,-5.97,2.9
2019-09-24,233725,-29701,31026,60727,-6558,-12.71,-2.81,2.9
2019-10-01,234958,-29308,30413,59721,-9341,-12.47,-3.98,3.2
2019-10-08,236328,-24048,32243,56291,-8920,-10.18,-3.77,4.0
2019-10-15,237386,-15887,33416,49303,-14374,-6.69,-6.06,5.7
2019-10-22,237912,-7907,31490,39397,-23871,-3.32,-10.03,10.7
2019-10-29,241579,-9214,30085,39299,-23025,-3.81,-9.53,9.8
2019-11-05,247699,-17820,28339,46159,-20388,-7.19,-8.23,5.3
2019-11-12,233153,-14686,27932,42618,-23159,-6.3,-9.93,6.1
2019-11-19,220072,-13390,30032,43422,-17771,-6.08,-8.08,6.4
2019-11-26,198775,-5952,34819,40771,-24189,-2.99,-12.17,11.6
2019-12-03,196723,-8481,33726,42207,-20163,-4.31,-10.25,9.2
2019-12-10,194863,-3776,34558,38334,-31977,-1.94,-16.41,14.5
2019-12-17,206101,6932,35082,28150,-43549,3.36,-21.13,21.7
2019-12-24,214041,18415,38538,20123,-57279,8.6,-26.76,29.5
2019-12-31,221797,20636,39625,18989,-63210,9.3,-28.5,31.2
2020-01-07,236605,20465,40008,19543,-69948,8.65,-29.56,29.8
2020-01-14,250399,29311,46150,16839,-83393,11.71,-33.3,36.8
2020-01-21,258018,28169,46358,18189,-79091,10.92,-30.65,35.1
2020-01-28,265593,35904,51430,15526,-78959,13.52,-29.73,40.7
2020-02-04,250242,31060,46866,15806,-82568,12.41,-33.0,38.5
2020-02-11,224610,33823,45522,11699,-93231,15.06,-41.51,43.8
2020-02-18,206890,31279,46195,14916,-85217,15.12,-41.19,43.9
2020-02-25,194910,22047,41505,19458,-76924,11.31,-39.47,35.7
2020-03-03,201743,4009,34074,30065,-60025,1.99,-29.75,19.6
2020-03-10,210803,-8116,29548,37664,-50509,-3.85,-23.96,10.1
2020-03-17,211258,-14048,23673,37721,-40005,-6.65,-18.94,5.8
2020-03-24,195682,-17386,20482,37868,-33432,-8.88,-17.08,4.4
2020-03-31,199435,-19633,21307,40940,-32469,-9.84,-16.28,4.0
2020-04-07,188501,-22787,19078,41865,-41395,-12.09,-21.96,3.3
2020-04-14,185745,-23822,19670,43492,-45767,-12.83,-24.64,2.7
2020-04-21,179858,-26580,19913,46493,-41299,-14.78,-22.96,2.6
2020-04-28,174079,-20151,20391,40542,-43270,-11.58,-24.86,4.1
2020-05-05,176253,-19798,19464,39262,-41015,-11.23,-23.27,4.2
2020-05-12,176193,-15375,21363,36738,-42994,-8.73,-24.4,5.4
2020-05-19,177692,-10231,23225,33456,-46270,-5.76,-26.04,8.3
2020-05-26,184741,-7787,24474,32261,-45336,-4.22,-24.54,10.7
2020-06-02,185922,2138,30917,28779,-53187,1.15,-28.61,20.6
2020-06-09,181259,5649,32831,27182,-61119,3.12,-33.72,22.6
2020-06-16,171047,1065,31697,30632,-56230,0.62,-32.87,19.0
2020-06-23,159309,3157,32550,29393,-55974,1.98,-35.14,21.2
2020-06-30,161481,6702,33999,27297,-59759,4.15,-37.01,24.3
2020-07-07,168486,18449,39075,20626,-73247,10.95,-43.47,36.8
2020-07-14,174373,27089,44750,17661,-82268,15.54,-47.18,47.0
2020-07-21,177528,27844,46852,19008,-83483,15.68,-47.03,47.8
2020-07-28,173711,23715,42055,18340,-77521,13.65,-44.63,42.6
2020-08-04,181232,29786,43244,13458,-86505,16.44,-47.73,52.1
2020-08-11,191194,37689,50287,12598,-93783,19.71,-49.05,62.0
2020-08-18,192683,38413,49998,11585,-93831,19.94,-48.7,62.9
2020-08-25,201083,45900,55615,9715,-106042,22.83,-52.74,69.8
2020-09-01,209578,50290,60108,9818,-111793,24.0,-53.34,71.6
2020-09-08,217214,43725,54754,11029,-99604,20.13,-45.86,63.2
2020-09-15,221730,46677,54431,7754,-103838,21.05,-46.83,65.6
2020-09-22,221320,47667,57069,9402,-103213,21.54,-46.64,66.4
2020-09-29,222149,47444,57090,9646,-107116,21.36,-48.22,65.7
2020-10-06,226996,49375,58470,9095,-114863,21.75,-50.6,66.7
2020-10-13,232894,55430,63384,7954,-122347,23.8,-52.53,71.4
2020-10-20,240999,60444,68993,8549,-130625,25.08,-54.2,74.9
2020-10-27,248102,65383,74488,9105,-137877,26.35,-55.57,78.0
2020-11-03,246116,59143,68735,9592,-130514,24.03,-53.03,71.7
2020-11-10,238470,54292,65908,11616,-127178,22.77,-53.33,69.2
2020-11-17,220441,56086,63196,7110,-136214,25.44,-61.79,76.1
2020-11-24,219548,60030,67246,7216,-138801,27.34,-63.22,81.3
2020-12-01,218461,58836,66585,7749,-134844,26.93,-61.72,79.8
2020-12-08,211233,56994,65246,8252,-122461,26.98,-57.97,80.1
2020-12-15,222753,68625,75595,6970,-136891,30.81,-61.45,89.3
2020-12-21,225627,69610,75724,6114,-139278,30.85,-61.73,89.4
2020-12-29,223590,68076,74550,6474,-136045,30.45,-60.85,88.5
2021-01-05,237240,70644,76750,6106,-143463,29.78,-60.47,87.1
2021-01-12,246308,69702,75999,6297,-140372,28.3,-56.99,84.1
2021-01-19,248918,68323,75292,6969,-139027,27.45,-55.85,80.8
2021-01-26,254440,67910,76259,8349,-137783,26.69,-54.15,78.1
2021-02-02,249388,64050,72486,8436,-132215,25.68,-53.02,75.3
2021-02-09,253031,67498,71932,4434,-156137,26.68,-61.71,77.9
2021-02-16,244078,67807,71600,3793,-156568,27.78,-64.15,82.1
2021-02-23,249805,71593,74993,3400,-157159,28.66,-62.91,85.2
2021-03-02,240280,65161,68346,3185,-144986,27.12,-60.34,79.9
2021-03-09,233086,57068,61133,4065,-136037,24.48,-58.36,70.5
2021-03-16,232116,58726,61525,2799,-138775,25.3,-59.79,73.8
2021-03-23,229612,58262,61023,2761,-137052,25.37,-59.69,74.4
2021-03-30,228028,52472,55987,3515,-131173,23.01,-57.52,67.7
2021-04-06,229592,49891,54919,5028,-128242,21.73,-55.86,64.2
2021-04-13,222564,47766,52693,4927,-126680,21.46,-56.92,63.3
2021-04-20,213573,50131,54152,4021,-132407,23.47,-62.0,68.7
2021-04-27,220804,56502,59415,2913,-145495,25.59,-65.89,74.9
2021-05-04,221190,55782,59139,3357,-145581,25.22,-65.82,73.5
2021-05-11,227839,53260,57919,4659,-147184,23.38,-64.6,68.1
2021-05-18,223538,44019,51912,7893,-136116,19.69,-60.89,58.4
2021-05-25,222666,33654,42399,8745,-128017,15.11,-57.49,42.8
2021-06-01,230311,32323,41784,9461,-129335,14.03,-56.16,41.1
2021-06-08,228847,34860,43613,8753,-133661,15.23,-58.41,43.4
2021-06-15,216338,39748,46476,6728,-136592,18.37,-63.14,55.0
2021-06-22,207866,41385,48092,6707,-132661,19.91,-63.82,59.8
2021-06-29,215448,50372,55962,5590,-136968,23.38,-63.57,68.4
2021-07-06,221249,50159,57056,6897,-136593,22.67,-61.74,66.9
2021-07-13,226738,54239,61807,7568,-140674,23.92,-62.04,69.9
2021-07-20,233874,57012,66654,9642,-144374,24.38,-61.73,70.5
2021-07-27,245376,61680,70607,8927,-155543,25.14,-63.39,73.6
2021-08-03,249315,65187,73405,8218,-154685,26.15,-62.04,76.8
2021-08-10,260961,70866,77380,6514,-161148,27.16,-61.75,80.5
2021-08-17,264618,79088,83403,4315,-172610,29.89,-65.23,87.7
2021-08-24,269446,81935,87102,5167,-169807,30.41,-63.02,88.9
2021-08-31,269133,87549,90367,2818,-167808,32.53,-62.35,92.6
2021-09-07,273868,89069,91281,2212,-171390,32.52,-62.58,92.5
2021-09-14,273192,90063,92882,2819,-168607,32.97,-61.72,94.1
2021-09-21,262583,80170,84406,4236,-149214,30.53,-56.83,89.0
2021-09-28,283425,91831,93208,1377,-175252,32.4,-61.83,92.1
2021-10-05,290858,93609,94736,1127,-178783,32.18,-61.47,91.8
2021-10-12,286879,85267,85950,683,-168894,29.72,-58.87,86.6
2021-10-19,284560,78595,79416,821,-160856,27.62,-56.53,80.5
2021-10-26,285111,74130,75064,934,-157710,26.0,-55.32,75.2
2021-11-02,284931,74634,75159,525,-159332,26.19,-55.92,75.7
2021-11-09,285047,76382,77359,977,-161118,26.8,-56.52,77.6
2021-11-16,266648,82390,82925,535,-166662,30.9,-62.5,89.5
2021-11-23,261005,82478,83783,1305,-165733,31.6,-63.5,90.8
2021-11-30,244866,76853,78727,1874,-145732,31.39,-59.52,90.5
2021-12-07,234981,69025,70368,1343,-138716,29.37,-59.03,85.6
2021-12-14,233174,68629,69862,1233,-137677,29.43,-59.04,85.8
2021-12-21,229924,70118,70392,274,-137106,30.5,-59.63,88.2
2021-12-28,234850,74091,74268,177,-141427,31.55,-60.22,90.6
2022-01-04,243395,79062,79536,474,-148834,32.48,-61.15,92.3
2022-01-11,244451,75662,76131,469,-144473,30.95,-59.1,89.2
2022-01-18,248433,75743,76983,1240,-144430,30.49,-58.14,87.7
2022-01-25,251988,75234,77452,2218,-139897,29.86,-55.52,85.9
2022-02-01,260902,79155,80615,1460,-143822,30.34,-55.12,87.3
2022-02-08,266786,79236,80688,1452,-145738,29.7,-54.63,85.4
2022-02-15,247474,76942,79194,2252,-146091,31.09,-59.03,89.9
2022-02-22,236709,73963,75890,1927,-143646,31.25,-60.68,90.1
2022-03-01,238940,73724,74852,1128,-144712,30.85,-60.56,88.5
2022-03-08,228765,69717,71093,1376,-137423,30.48,-60.07,87.3
2022-03-15,220258,66651,69251,2600,-131238,30.26,-59.58,86.6
2022-03-22,230557,73685,75286,1601,-138524,31.96,-60.08,91.3
2022-03-29,227449,74828,76328,1500,-128277,32.9,-56.4,94.1
2022-04-05,233264,78572,79627,1055,-127987,33.68,-54.87,95.8
2022-04-12,220906,77517,78505,988,-129422,35.09,-58.59,96.9
2022-04-19,209419,72001,73355,1354,-129546,34.38,-61.86,96.5
2022-04-26,202346,67889,68898,1009,-123325,33.55,-60.95,95.0
2022-05-03,206391,70445,70969,524,-126707,34.13,-61.39,96.1
2022-05-10,202080,69442,70514,1072,-118309,34.36,-58.55,96.3
2022-05-17,202738,66075,66851,776,-115784,32.59,-57.11,92.1
2022-05-24,204678,60841,62445,1604,-107769,29.73,-52.65,84.0
2022-05-31,212230,59823,61986,2163,-105259,28.19,-49.6,80.1
2022-06-07,211503,62305,63484,1179,-103219,29.46,-48.8,83.4
2022-06-14,199444,61274,63445,2171,-102580,30.72,-51.43,87.0
2022-06-21,191861,59245,61581,2336,-98711,30.88,-51.45,87.7
2022-06-28,175241,44975,49394,4419,-85066,25.66,-48.54,70.9
2022-07-05,174319,38480,46389,7909,-71802,22.07,-41.19,60.5
2022-07-12,176374,33379,43351,9972,-62264,18.93,-35.3,52.7
2022-07-19,179050,31875,43054,11179,-57014,17.8,-31.84,49.7
2022-07-26,183848,30496,43389,12893,-58129,16.59,-31.62,45.9
2022-08-02,187399,28901,42828,13927,-57722,15.42,-30.8,40.8
2022-08-09,186992,29590,43826,14236,-59254,15.82,-31.69,42.9
2022-08-16,192925,39527,48217,8690,-70044,20.49,-36.31,57.6
2022-08-23,206585,46284,53821,7537,-73884,22.4,-35.76,62.0
2022-08-30,212277,49571,57718,8147,-75074,23.35,-35.37,64.0
2022-09-06,211548,46756,54710,7954,-70043,22.1,-33.11,60.7
2022-09-13,209616,44926,52474,7548,-66911,21.43,-31.92,58.9
2022-09-20,215483,38798,46035,7237,-61240,18.01,-28.42,50.3
2022-09-27,219294,38155,46036,7881,-54544,17.4,-24.87,48.5
2022-10-04,224735,29521,44000,14479,-54330,13.14,-24.18,35.4
2022-10-11,232212,23576,42019,18443,-52803,10.15,-22.74,29.3
2022-10-18,238208,19285,39901,20616,-47621,8.1,-19.99,25.6
2022-10-25,245987,11907,39039,27132,-38326,4.84,-15.58,21.7
2022-11-01,255458,4169,37460,33291,-26826,1.63,-10.5,17.7
2022-11-08,234844,13074,38944,25870,-38676,5.57,-16.47,23.6
2022-11-15,200411,16414,39457,23043,-45489,8.19,-22.7,26.1
2022-11-22,191947,15863,38544,22681,-42028,8.26,-21.9,26.3
2022-11-29,194437,13446,38070,24624,-39471,6.92,-20.3,25.3
2022-12-06,194946,17111,39428,22317,-43055,8.78,-22.09,27.6
2022-12-13,198489,9053,36433,27380,-39714,4.56,-20.01,21.6
2022-12-20,195942,11263,36893,25630,-44109,5.75,-22.51,23.9
2022-12-27,191552,14757,36368,21611,-45143,7.7,-23.57,25.9
2023-01-03,197924,10048,34885,24837,-42257,5.08,-21.35,22.1
2023-01-10,201472,7487,31873,24386,-42075,3.72,-20.88,20.3
2023-01-17,203290,-3411,30124,33535,-35606,-1.68,-17.51,13.3
2023-01-24,208137,5556,33822,28266,-44341,2.67,-21.3,18.8
2023-01-31,210335,6111,35233,29122,-45653,2.91,-21.7,19.4
2023-02-07,210928,126,31282,31156,-42576,0.06,-20.19,15.3
2023-02-14,192913,846,31643,30797,-44891,0.44,-23.27,16.0
2023-02-21,185270,-14589,27687,42276,-28473,-7.87,-15.37,4.8
2023-02-28,186843,-8325,29827,38152,-33238,-4.46,-17.79,8.5
2023-03-07,184506,-4532,31045,35577,-34355,-2.46,-18.62,12.0
2023-03-14,188970,-15595,29028,44623,-25478,-8.25,-13.48,4.6
2023-03-21,196669,-25805,28195,54000,-16013,-13.12,-8.14,2.3
2023-03-28,200053,-25632,27266,52898,-17299,-12.81,-8.65,2.6
2023-04-04,193846,-18602,27006,45608,-21820,-9.6,-11.26,4.2
2023-04-11,186406,-16729,28244,44973,-26299,-8.97,-14.11,4.7
2023-04-18,168276,-9775,31632,41407,-43985,-5.81,-26.14,7.5
2023-04-25,168166,-21125,28350,49475,-28428,-12.56,-16.9,2.8
2023-05-02,172788,-22548,28197,50745,-28740,-13.05,-16.63,2.4
2023-05-09,176354,-14841,28729,43570,-37176,-8.42,-21.08,5.3
2023-05-16,184924,-14533,28709,43242,-37099,-7.86,-20.06,5.9
2023-05-23,192981,6348,36870,30522,-59619,3.29,-30.89,21.3
2023-05-30,196092,-108,33787,33895,-50520,-0.06,-25.76,16.4
2023-06-06,194270,2743,34853,32110,-59902,1.41,-30.83,19.0
2023-06-13,171880,-363,32534,32897,-59878,-0.21,-34.84,16.1
2023-06-20,170227,-7148,29637,36785,-52767,-4.2,-31.0,10.2
2023-06-27,173343,-17489,28969,46458,-44515,-10.09,-25.68,4.2
2023-07-03,175032,-10309,30210,40519,-48527,-5.89,-27.72,8.0
2023-07-11,175601,-41,32181,32222,-56235,-0.02,-32.02,16.9
2023-07-18,178003,3292,31278,27986,-62405,1.85,-35.06,20.0
2023-07-25,194350,27008,44519,17511,-84489,13.9,-43.47,40.2
2023-08-01,211204,34222,52230,18008,-90033,16.2,-42.63,47.4
2023-08-08,214088,29563,52033,22470,-85716,13.81,-40.04,40.1
2023-08-15,209939,31438,53657,22219,-85141,14.97,-40.56,42.0
2023-08-22,201232,25644,49650,24006,-78972,12.74,-39.24,37.5
2023-08-29,207010,37024,55885,18861,-85919,17.89,-41.5,52.7
2023-09-05,228746,51476,68206,16730,-99730,22.5,-43.6,64.6
2023-09-12,227631,46317,64078,17761,-91894,20.35,-40.37,59.6
2023-09-19,233332,46015,61722,15707,-92767,19.72,-39.76,57.3
2023-09-26,238493,44825,61347,16522,-89491,18.8,-37.52,54.9
2023-10-03,251554,53801,66457,12656,-97040,21.39,-38.58,61.3
2023-10-10,254318,46569,61643,15074,-89925,18.31,-35.36,53.5
2023-10-17,250696,31880,49801,17921,-70932,12.72,-28.29,37.1
2023-10-24,237196,27210,44391,17181,-56804,11.47,-23.95,35.1
2023-10-31,236950,24291,41862,17571,-53009,10.25,-22.37,32.2
2023-11-07,231985,6259,35572,29313,-40329,2.7,-17.38,20.7
2023-11-14,210504,-5826,34641,40467,-42498,-2.77,-20.19,12.3
2023-11-21,195165,-675,37688,38363,-39471,-0.35,-20.22,16.1
2023-11-28,192139,217,38461,38244,-34300,0.11,-17.85,17.1
2023-12-05,196836,1716,40310,38594,-36282,0.87,-18.43,18.6
2023-12-12,196830,9535,42835,33300,-45056,4.84,-22.89,24.5
2023-12-19,196977,1624,38533,36909,-39951,0.82,-20.28,18.4
2023-12-26,196746,-3198,35274,38472,-37996,-1.63,-19.31,14.7
2024-01-02,197450,-3660,33383,37043,-38615,-1.85,-19.56,14.4
2024-01-09,202869,-5866,33566,39432,-39140,-2.89,-19.29,12.1
2024-01-16,207773,-1262,36000,37262,-44234,-0.61,-21.29,16.3
2024-01-23,227697,26154,48727,22573,-70984,11.49,-31.17,36.2
2024-01-30,251498,30106,47020,16914,-77362,11.97,-30.76,37.5
2024-02-06,264909,46878,58258,11380,-95848,17.7,-36.18,52.4
2024-02-13,254149,71090,77585,6495,-123767,27.97,-48.7,80.9
2024-02-20,265175,85606,91739,6133,-131544,32.28,-49.61,92.1
2024-02-27,271860,93540,100954,7414,-137898,34.41,-50.72,96.9
2024-03-05,271301,96364,102413,6049,-134471,35.52,-49.57,97.3
2024-03-12,274927,93204,100187,6983,-132497,33.9,-48.19,95.6
2024-03-19,276278,89535,97594,8059,-127428,32.41,-46.12,91.9
2024-03-26,280565,84827,93524,8697,-124742,30.23,-44.46,86.1
2024-04-02,284839,80188,90315,10127,-127563,28.15,-44.78,81.1
2024-04-09,244710,60181,73639,13458,-113083,24.59,-46.21,69.3
2024-04-16,203577,35152,53139,17987,-94776,17.27,-46.56,50.7
2024-04-23,204086,8395,42235,33840,-67201,4.11,-32.93,23.2
2024-04-30,204757,-2860,37261,40121,-56628,-1.4,-27.66,14.8
2024-05-07,211893,-14508,31748,46256,-42726,-6.85,-20.16,6.3
2024-05-14,221271,-15857,33113,48970,-38854,-7.17,-17.56,6.2
2024-05-21,227298,-23726,31528,55254,-32985,-10.44,-14.51,3.8
2024-05-28,228893,-13262,35636,48898,-38171,-5.79,-16.68,8.1
2024-06-04,231359,-24090,32530,56620,-27628,-10.41,-11.94,3.9
2024-06-11,223245,-35657,31108,66765,-22092,-15.97,-9.9,1.8
2024-06-18,216536,-43943,29479,73422,-17306,-20.29,-7.99,1.1
2024-06-25,212400,-36894,31304,68198,-20845,-17.37,-9.81,1.7
2024-07-02,210048,-30662,30229,60891,-26379,-14.6,-12.56,2.4
2024-07-09,214089,-39973,28130,68103,-18341,-18.67,-8.57,1.5
2024-07-16,218621,-39791,28387,68178,-18523,-18.2,-8.47,1.7
2024-07-23,224450,-44135,28874,73009,-8978,-19.66,-4.0,1.4
2024-07-30,228815,-47224,31196,78420,-5081,-20.64,-2.22,1.1
2024-08-06,226789,-52027,31578,83605,1156,-22.94,0.51,0.6
2024-08-13,227877,-49967,32866,82833,184,-21.93,0.08,0.8
2024-08-20,231389,-51509,31305,82814,555,-22.26,0.24,0.8
2024-08-27,227269,-44501,30300,74801,-3247,-19.58,-1.43,1.9
2024-09-03,228948,-41726,28628,70354,-3509,-18.23,-1.53,2.4
2024-09-10,231505,-49286,26584,75870,4646,-21.29,2.01,1.2
2024-09-17,235001,-29018,31762,60780,-15887,-12.35,-6.76,4.6
2024-09-24,230371,-15807,33394,49201,-26350,-6.86,-11.44,8.2
2024-10-01,233189,-9986,34393,44379,-31403,-4.28,-13.47,11.8
2024-10-08,244771,-9960,36236,46196,-35537,-4.07,-14.52,12.5
2024-10-15,247325,-11416,38446,49862,-35591,-4.62,-14.39,11.4
2024-10-22,260938,-5546,40546,46092,-39051,-2.13,-14.97,15.9
2024-10-29,262891,-10687,40947,51634,-32038,-4.07,-12.19,12.7
2024-11-05,266595,-11268,41184,52452,-29230,-4.23,-10.96,12.0
2024-11-12,253040,-14872,42029,56901,-29303,-5.88,-11.58,9.7
2024-11-19,240002,-37814,34407,72221,-7397,-15.76,-3.08,3.2
2024-11-26,231723,-20350,36708,57058,-17332,-8.78,-7.48,6.8
2024-12-03,231775,-16986,38390,55376,-23840,-7.33,-10.29,7.9
2024-12-10,231574,-24141,37380,61521,-19837,-10.42,-8.57,5.5
2024-12-17,239659,-31981,36403,68384,-13648,-13.34,-5.69,3.8
2024-12-24,237109,-36954,34999,71953,-8743,-15.59,-3.69,3.4
2024-12-31,238272,-41422,32777,74199,-6790,-17.38,-2.85,2.8
2025-01-07,242742,-40705,34165,74870,-6851,-16.77,-2.82,3.2
2025-01-14,256759,-45327,36079,81406,-5405,-17.65,-2.11,2.6
2025-01-21,269868,-50267,36424,86691,-2038,-18.63,-0.76,2.3
2025-01-28,276543,-56191,34332,90523,391,-20.32,0.14,1.7
2025-02-04,289974,-65433,34100,99533,9089,-22.57,3.13,0.8
2025-02-11,287555,-60693,34916,95609,-4983,-21.11,-1.73,1.5
2025-02-18,278259,-57550,36665,94215,-17568,-20.68,-6.31,1.8
2025-02-25,268701,-68391,34026,102417,-8362,-25.45,-3.11,0.1
2025-03-04,280617,-81508,32323,113831,16843,-29.05,6.0,0.1
2025-03-11,270769,-78014,29570,107584,10518,-28.81,3.88,0.2
2025-03-18,272839,-70787,30228,101015,3959,-25.94,1.45,0.3
2025-03-25,283040,-75815,29441,105256,9153,-26.79,3.23,0.3
2025-04-01,289328,-68341,31605,99946,-3227,-23.62,-1.12,0.9
2025-04-08,266116,-58203,29541,87744,-8737,-21.87,-3.28,1.7
2025-04-15,222397,-43903,29921,73824,-20457,-19.74,-9.2,3.0
2025-04-22,217691,-39174,31184,70358,-21590,-18.0,-9.92,4.0
2025-04-29,210605,-28157,34844,63001,-25879,-13.37,-12.29,5.6
2025-05-06,219537,-23981,37109,61090,-27683,-10.92,-12.61,7.5
2025-05-13,224743,-31498,36248,67746,-20322,-14.02,-9.04,5.6
2025-05-20,235995,-41886,33637,75523,-9986,-17.75,-4.23,4.1
2025-05-27,235156,-44553,33345,77898,-9463,-18.95,-4.02,3.5
2025-06-03,239377,-47164,33568,80732,-12843,-19.7,-5.37,3.1
2025-06-10,231537,-53512,31352,84864,-7233,-23.11,-3.12,1.1
2025-06-17,217909,-50979,32573,83552,-10117,-23.39,-4.64,1.1
2025-06-24,204881,-48229,34342,82571,-12101,-23.54,-5.91,1.0
2025-07-01,201069,-42953,29769,72722,-14352,-21.36,-7.14,2.4
2025-07-08,205957,-46754,28775,75529,-12912,-22.7,-6.27,1.7
2025-07-15,211767,-39670,30440,70110,-16849,-18.73,-7.96,4.2
2025-07-22,218828,-41455,28932,70387,-15641,-18.94,-7.15,4.2
2025-07-29,223445,-41452,30239,71691,-14982,-18.55,-6.71,4.6
2025-08-05,235079,-55882,31725,87607,-4959,-23.77,-2.11,0.7
2025-08-12,242389,-57325,31466,88791,1384,-23.65,0.57,1.0
2025-08-19,241165,-56813,32122,88935,-6937,-23.56,-2.88,1.2
2025-08-26,242777,-60985,29621,90606,-4860,-25.12,-2.0,0.6
2025-09-02,253334,-67283,31210,98493,4458,-26.56,1.76,0.4
2025-09-09,257154,-69548,32443,101991,9226,-27.05,3.59,0.3
2025-09-16,258584,-60280,35128,95408,1305,-23.31,0.5,1.9
2025-09-23,265373,-62771,34556,97327,4849,-23.65,1.83,1.4
2025-09-30,278283,-65025,37918,102943,11689,-23.37,4.2,2.0
2025-10-07,278939,-75997,35354,111351,22623,-27.25,8.11,0.3
2025-10-14,294187,-80436,38261,118697,31264,-27.34,10.63,0.3
2025-10-21,287348,-79906,37191,117097,24008,-27.81,8.36,0.3
2025-10-28,293885,-73602,37378,110980,17241,-25.04,5.87,1.3
2025-11-04,303302,-64282,37992,102274,2990,-21.19,0.99,4.1
2025-11-10,296349,-61227,37376,98603,6463,-20.66,2.18,4.5
2025-11-18,279627,-59719,37752,97471,5712,-21.36,2.04,3.9
2025-11-25,279249,-63430,38019,101449,4205,-22.71,1.51,3.0
2025-12-02,283123,-60705,39462,100167,-863,-21.44,-0.3,3.9
2025-12-09,289386,-56289,42173,98462,-3639,-19.45,-1.26,5.9
2025-12-16,297995,-56623,44258,100881,-1214,-19.0,-0.41,6.0
2025-12-23,300552,-49723,44939,94662,-6918,-16.54,-2.3,7.9
2025-12-30,300962,-48556,44182,92738,-7279,-16.13,-2.42,8.0
2026-01-06,311647,-47192,41132,88324,-9426,-15.14,-3.02,8.6
2026-01-13,327793,-49727,43045,92772,-13247,-15.17,-4.04,8.6
2026-01-20,338853,-51546,43511,95057,-17723,-15.21,-5.23,8.5
2026-01-27,362629,-64982,44121,109103,-259,-17.92,-0.07,7.1
2026-02-03,380025,-72336,44468,116804,-2694,-19.03,-0.71,5.9
2026-02-10,360578,-76513,42098,118611,-2220,-21.22,-0.62,4.4
2026-02-17,338635,-80705,42337,123042,-3243,-23.83,-0.96,1.3
2026-02-24,320823,-66281,42606,108887,-32282,-20.66,-10.06,5.1
2026-03-03,328391,-74199,42311,116510,-33200,-22.59,-10.11,3.3
2026-03-10,329892,-67950,45063,113013,-31665,-20.6,-9.6,5.4
2026-03-17,341326,-39838,49552,89390,-66930,-11.67,-19.61,11.4
2026-03-24,327959,-33546,41405,74951,-73487,-10.23,-22.41,12.2
